Original Product,Guessed Product,Review,Sentiment,Reply
Laptop,Laptop,This laptop has excellent performance but could improve on battery life.,"positive 
","We appreciate your feedback!  We're glad you're enjoying the performance of this laptop. We're always working to improve battery life and will consider your suggestion for future models. 
"
Wireless Earbuds,Headphones,"The sound quality is clear, and the noise cancellation works great. Very satisfied!","positive 
","We're thrilled to hear you're enjoying the sound quality and noise cancellation!  We strive to provide an immersive listening experience, and your feedback confirms we're on the right track. Thank you for choosing our product! 
"
Smartphone,Smartphone,"The camera quality is disappointing, and the battery drains quickly.","negative 
","We're sorry to hear about your experience. We value your feedback and are always striving to improve. Could you please provide more details about the issues you're encountering? This will help us address your concerns and ensure a better experience for future users. 
"
Smartwatch,Smartwatch,I love the sleek design and the range of fitness features available.,"positive 
","We're thrilled you're enjoying the sleek design and fitness features! We strive to create products that look good and help you achieve your fitness goals. Thank you for choosing our smartwatch. We're excited to hear about your fitness journey! 
"
Headphones,Headphones,"These headphones are comfortable, but the sound quality is subpar.","neutral 
","Thank you for your feedback! We're glad you find our headphones comfortable. We're always looking for ways to improve sound quality and appreciate your input.  Could you tell us more about what you'd like to see improved?  We want to ensure you have the best possible listening experience. 
"
